{
  "basic_metrics": {
    "auc": 0.6032537035039536,
    "average_precision": 0.5934513678776382,
    "pred_mean": 0.5103731503831801,
    "pred_std": 0.15913720279469812,
    "label_mean": 0.481126
  },
  "sampled_fdr_metrics": {
    "sample_valid_rows": 1000000,
    "sample_valid_groups": 116989,
    "top1_target_rate": 0.6317687987759533,
    "accepted_target_psm_at_1pct": 23775,
    "accepted_unique_peptide_at_1pct": 16963,
    "by_instrument": {
      "mzml": {
        "accepted_target_psm_at_1pct": 9746,
        "accepted_unique_peptide_at_1pct": 8138
      },
      "tims": {
        "accepted_target_psm_at_1pct": 8567,
        "accepted_unique_peptide_at_1pct": 6496
      },
      "wiff": {
        "accepted_target_psm_at_1pct": 5462,
        "accepted_unique_peptide_at_1pct": 4278
      }
    }
  },
  "best_iteration": 1999,
  "train_rows": 3000000,
  "valid_rows": 1000000,
  "positive_rate_train": 0.4847923333333333,
  "positive_rate_valid": 0.481126,
  "train_weight_mean": 1.3045690059661865,
  "valid_weight_mean": 1.3093987703323364
}